hour, ozeOutput, coalPlantOutput, SoC, currentDemand, balance, status
1, 1454.9, 0.0, 99999.0,100, 0.00, 1454.86, STABLE
2, 250.0, 0.0, 250.0,100, 193.00, 57.00, STABLE
3, 193.0, 0.0, 193.0,100, 193.00, 0.00, STABLE
4, 1539.1, 0.0, 99999.0,100, 193.00, 1346.13, STABLE
5, 193.0, 0.0, 193.0,100, 193.00, 0.00, STABLE
6, 1381.3, 0.0, 99999.0,100, 193.00, 1188.28, STABLE
7, 193.0, 0.0, 193.0,37, 509.00, 0.00, CRITICAL
8, 1433.2, 0.0, 99999.9,100, 489.00, 944.22, STABLE
9, 805.0, 0.0, 805.0,100, 489.00, 316.00, STABLE
10, 489.0, 0.0, 489.0,100, 489.00, 0.00, STABLE
11, 1012.3, 0.0, 99999.0,100, 459.00, 553.26, STABLE
12, 459.0, 0.0, 459.0,100, 459.00, 0.00, STABLE
13, 821.9, 0.0, 99999.0,100, 459.00, 362.93, STABLE
14, 459.0, 0.0, 459.0,100, 459.00, 0.00, STABLE
15, 828.7, 0.0, 99999.0,100, 459.00, 369.68, STABLE
16, 459.0, 0.0, 459.0,100, 459.00, 0.00, STABLE
17, 1231.8, 0.0, 99999.0,100, 459.00, 772.83, STABLE
18, 459.0, 0.0, 459.0,100, 459.00, 0.00, STABLE
19, 1663.5, 0.0, 99999.0,100, 489.00, 1174.53, STABLE
20, 489.0, 0.0, 489.0,100, 223.00, 266.00, STABLE
21, 223.0, 0.0, 223.0,100, 223.00, 0.00, STABLE
22, 1652.1, 0.0, 99999.0,100, 223.00, 1429.14, STABLE
23, 223.0, 0.0, 223.0,100, 223.00, 0.00, STABLE
0, 892.8, 0.0, 99999.0,100, 193.00, 699.76, STABLE
1, 193.0, 0.0, 193.0,100, 193.00, 0.00, STABLE
2, 1654.4, 0.0, 99999.0,100, 193.00, 1461.39, STABLE
3, 193.0, 0.0, 193.0,100, 193.00, 0.00, STABLE
4, 1323.7, 0.0, 99999.0,100, 193.00, 1130.69, STABLE
5, 193.0, 0.0, 193.0,100, 193.00, 0.00, STABLE
6, 947.6, 0.0, 99999.0,100, 193.00, 754.64, STABLE
7, 193.0, 0.0, 193.0,37, 509.00, 0.00, CRITICAL
8, 902.0, 0.0, 99999.9,100, 539.00, 362.99, STABLE
9, 663.7, 0.0, 855.0,100, 489.00, 174.75, STABLE
10, 489.0, 0.0, 489.0,100, 489.00, 0.00, STABLE
11, 747.8, 0.0, 99999.0,100, 509.00, 238.76, STABLE
12, 509.0, 0.0, 509.0,100, 459.00, 50.00, STABLE
13, 459.0, 0.0, 459.0,90, 509.00, 0.00, CRITICAL
14, 545.4, 0.0, 99999.9,100, 459.00, 86.36, STABLE
15, 220.0, 0.0, 509.0,52, 459.00, 0.00, CRITICAL
16, 754.2, 0.0, 99999.9,100, 459.00, 295.16, STABLE
17, 698.0, 0.0, 698.0,100, 459.00, 239.01, STABLE
18, 459.0, 0.0, 459.0,100, 459.00, 0.00, STABLE
19, 708.1, 0.0, 99999.0,100, 489.00, 219.12, STABLE
20, 489.0, 0.0, 489.0,100, 223.00, 266.00, STABLE
21, 223.0, 0.0, 223.0,100, 223.00, 0.00, STABLE
22, 359.2, 0.0, 99999.0,100, 223.00, 136.25, STABLE
23, 223.0, 0.0, 223.0,100, 223.00, 0.00, STABLE
0, 372.8, 0.0, 99999.0,100, 193.00, 179.81, STABLE
1, 193.0, 0.0, 193.0,100, 193.00, 0.00, STABLE
2, 1014.3, 0.0, 99999.0,100, 193.00, 821.29, STABLE
3, 193.0, 0.0, 193.0,100, 193.00, 0.00, STABLE
4, 489.0, 0.0, 99999.0,100, 193.00, 295.95, STABLE
5, 193.0, 0.0, 193.0,100, 193.00, 0.00, STABLE
6, 905.5, 0.0, 99999.0,100, 193.00, 712.52, STABLE
7, 193.0, 0.0, 193.0,47, 459.00, 0.00, CRITICAL
8, 1574.1, 0.0, 99999.9,100, 489.00, 1085.07, STABLE
9, 755.0, 0.0, 755.0,100, 539.00, 216.00, STABLE
10, 539.0, 0.0, 539.0,100, 539.00, 0.00, STABLE
11, 1220.1, 0.0, 99999.0,100, 459.00, 761.13, STABLE
12, 459.0, 0.0, 459.0,100, 459.00, 0.00, STABLE
13, 1362.5, 0.0, 99999.0,100, 459.00, 903.45, STABLE
14, 459.0, 0.0, 459.0,100, 459.00, 0.00, STABLE
15, 1695.8, 0.0, 99999.0,100, 459.00, 1236.78, STABLE
16, 459.0, 0.0, 459.0,100, 459.00, 0.00, STABLE
17, 948.9, 0.0, 99999.0,100, 459.00, 489.89, STABLE
18, 459.0, 0.0, 459.0,100, 459.00, 0.00, STABLE
19, 395.3, 0.0, 99999.0,81, 489.00, 0.00, CRITICAL
20, 761.6, 0.0, 99999.9,100, 223.00, 538.58, STABLE
21, 316.7, 0.0, 316.7,100, 223.00, 93.68, STABLE
22, 223.0, 0.0, 223.0,100, 223.00, 0.00, STABLE
23, 702.4, 0.0, 99999.0,100, 223.00, 479.36, STABLE
0, 223.0, 0.0, 223.0,100, 193.00, 30.00, STABLE
1, 193.0, 0.0, 193.0,100, 193.00, 0.00, STABLE
2, 595.3, 0.0, 99999.0,100, 193.00, 402.29, STABLE
3, 193.0, 0.0, 193.0,100, 193.00, 0.00, STABLE
4, 1148.0, 0.0, 99999.0,100, 193.00, 955.04, STABLE
5, 193.0, 0.0, 193.0,100, 193.00, 0.00, STABLE
6, 1472.0, 0.0, 99999.0,100, 193.00, 1278.99, STABLE
7, 193.0, 0.0, 193.0,47, 459.00, 0.00, CRITICAL
8, 1652.3, 0.0, 99999.9,100, 489.00, 1163.32, STABLE
9, 755.0, 0.0, 755.0,100, 489.00, 266.00, STABLE
10, 489.0, 0.0, 489.0,100, 489.00, 0.00, STABLE
11, 1122.1, 0.0, 99999.0,100, 509.00, 613.10, STABLE
12, 509.0, 0.0, 509.0,100, 459.00, 50.00, STABLE
13, 459.0, 0.0, 459.0,100, 459.00, 0.00, STABLE
14, 993.9, 0.0, 99999.0,100, 459.00, 534.86, STABLE
15, 459.0, 0.0, 459.0,100, 459.00, 0.00, STABLE
16, 1314.7, 0.0, 99999.0,100, 509.00, 805.69, STABLE
17, 509.0, 0.0, 509.0,100, 459.00, 50.00, STABLE
18, 459.0, 0.0, 459.0,100, 459.00, 0.00, STABLE
19, 1049.1, 0.0, 99999.0,100, 539.00, 510.08, STABLE
20, 539.0, 0.0, 539.0,100, 223.00, 316.00, STABLE
21, 223.0, 0.0, 223.0,100, 223.00, 0.00, STABLE
22, 1598.0, 0.0, 99999.0,100, 223.00, 1374.96, STABLE
23, 223.0, 0.0, 223.0,100, 223.00, 0.00, STABLE
0, 1707.6, 0.0, 99999.0,100, 193.00, 1514.58, STABLE
1, 193.0, 0.0, 193.0,100, 193.00, 0.00, STABLE
2, 1363.1, 0.0, 99999.0,100, 193.00, 1170.11, STABLE
3, 193.0, 0.0, 193.0,100, 193.00, 0.00, STABLE
4, 1596.4, 0.0, 99999.0,100, 193.00, 1403.40, STABLE
5, 193.0, 0.0, 193.0,100, 193.00, 0.00, STABLE
6, 1176.4, 0.0, 99999.0,100, 193.00, 983.41, STABLE
7, 193.0, 0.0, 193.0,47, 459.00, 0.00, CRITICAL
8, 876.5, 0.0, 99999.9,100, 539.00, 337.48, STABLE
9, 587.8, 0.0, 805.0,100, 489.00, 98.83, STABLE
10, 489.0, 0.0, 489.0,90, 539.00, 0.00, CRITICAL
11, 416.8, 200.0, 99999.9,100, 459.00, 157.77, STABLE
12, 309.0, 200.0, 309.0,100, 459.00, 50.00, STABLE
13, 259.0, 200.0, 259.0,100, 459.00, 0.00, STABLE
14, 480.5, 200.0, 99999.0,100, 459.00, 221.48, STABLE
15, 259.0, 200.0, 259.0,100, 459.00, 0.00, STABLE
16, 488.9, 200.0, 99999.0,100, 459.00, 229.91, STABLE
17, 259.0, 200.0, 259.0,90, 509.00, 0.00, CRITICAL
18, 608.2, 200.0, 99999.9,100, 459.00, 349.24, STABLE
19, 309.0, 200.0, 309.0,100, 489.00, 20.00, STABLE
20, 289.0, 200.0, 289.0,100, 223.00, 266.00, STABLE
21, 23.0, 200.0, 23.0,100, 223.00, 0.00, STABLE
22, 1333.3, 200.0, 99999.0,100, 223.00, 1310.28, STABLE
23, 23.0, 200.0, 23.0,100, 223.00, 0.00, STABLE
0, 1115.9, 200.0, 99999.0,100, 193.00, 1122.85, STABLE
1, 0.0, 200.0, 0.0,100, 193.00, 7.00, STABLE
2, 0.0, 200.0, 0.0,100, 193.00, 7.00, STABLE
3, 0.0, 200.0, 0.0,100, 193.00, 7.00, STABLE
4, 0.0, 200.0, 0.0,100, 193.00, 7.00, STABLE
5, 0.0, 200.0, 0.0,100, 193.00, 7.00, STABLE
6, 0.0, 200.0, 0.0,100, 193.00, 7.00, STABLE
7, 0.0, 200.0, 0.0,48, 459.00, 0.00, CRITICAL
8, 1046.2, 200.0, 99999.9,100, 489.00, 757.17, STABLE
9, 548.0, 200.0, 548.0,100, 489.00, 259.00, STABLE
10, 289.0, 200.0, 289.0,100, 489.00, 0.00, STABLE
11, 667.9, 200.0, 99999.0,100, 459.00, 408.88, STABLE
12, 259.0, 200.0, 259.0,100, 459.00, 0.00, STABLE
13, 929.5, 200.0, 99999.0,100, 509.00, 620.46, STABLE
14, 309.0, 200.0, 309.0,100, 459.00, 50.00, STABLE
15, 259.0, 200.0, 259.0,100, 459.00, 0.00, STABLE
16, 535.1, 200.0, 99999.0,100, 459.00, 276.09, STABLE
17, 147.8, 200.0, 259.0,78, 459.00, 0.00, CRITICAL
18, 200.1, 200.0, 99999.9,66, 459.00, 0.00, CRITICAL
19, 686.2, 200.0, 99999.9,100, 539.00, 347.25, STABLE
20, 509.1, 200.0, 509.1,100, 223.00, 486.13, STABLE
21, 23.0, 200.0, 23.0,100, 223.00, 0.00, CRITICAL
22, 1178.2, 200.0, 99999.9,100, 223.00, 1155.17, STABLE
23, 23.0, 200.0, 23.0,100, 223.00, 0.00, STABLE
0, 413.0, 200.0, 99999.0,100, 193.00, 420.04, STABLE
1, 0.0, 200.0, 0.0,100, 193.00, 7.00, STABLE
2, 0.0, 200.0, 0.0,100, 193.00, 7.00, STABLE
3, 0.0, 200.0, 0.0,100, 193.00, 7.00, STABLE
4, 0.0, 200.0, 0.0,100, 193.00, 7.00, STABLE
5, 0.0, 200.0, 0.0,100, 193.00, 7.00, STABLE
6, 0.0, 200.0, 0.0,100, 193.00, 7.00, STABLE
7, 0.0, 200.0, 0.0,48, 459.00, 0.00, CRITICAL
8, 736.2, 200.0, 99999.9,100, 489.00, 447.23, STABLE
9, 548.0, 200.0, 548.0,100, 539.00, 209.00, STABLE
10, 339.0, 200.0, 339.0,100, 489.00, 50.00, STABLE
11, 289.0, 200.0, 289.0,100, 459.00, 30.00, STABLE
12, 259.0, 200.0, 259.0,100, 459.00, 0.00, STABLE
13, 1581.5, 200.0, 99999.0,100, 459.00, 1322.53, STABLE
14, 259.0, 200.0, 259.0,100, 459.00, 0.00, STABLE
15, 1355.4, 200.0, 99999.0,100, 509.00, 1046.36, STABLE
16, 309.0, 200.0, 309.0,100, 509.00, 0.00, STABLE
17, 443.9, 200.0, 99999.0,100, 459.00, 184.94, STABLE
18, 259.0, 200.0, 259.0,100, 459.00, 0.00, STABLE
19, 259.0, 200.0, 259.0,94, 489.00, 0.00, CRITICAL
20, 440.4, 200.0, 99999.9,100, 223.00, 417.37, STABLE
21, 53.0, 200.0, 53.0,100, 223.00, 30.00, STABLE
22, 23.0, 200.0, 23.0,100, 223.00, 0.00, STABLE
23, 478.0, 200.0, 99999.0,100, 223.00, 455.03, STABLE
0, 23.0, 200.0, 23.0,100, 193.00, 30.00, STABLE
1, 0.0, 200.0, 0.0,100, 193.00, 7.00, STABLE
2, 0.0, 200.0, 0.0,100, 193.00, 7.00, STABLE
3, 0.0, 200.0, 0.0,100, 193.00, 7.00, STABLE
4, 0.0, 200.0, 0.0,100, 193.00, 7.00, STABLE
5, 0.0, 200.0, 0.0,100, 193.00, 7.00, STABLE
6, 0.0, 200.0, 0.0,100, 193.00, 7.00, STABLE
7, 0.0, 200.0, 0.0,38, 509.00, 0.00, CRITICAL
8, 568.2, 200.0, 99999.9,94, 489.00, 279.24, STABLE
9, 43.2, 200.0, 99999.0,45, 489.00, 0.00, CRITICAL
10, 334.0, 200.0, 99999.9,54, 489.00, 44.99, STABLE
11, 615.5, 200.0, 99999.0,100, 509.00, 306.53, STABLE
12, 539.6, 200.0, 539.6,100, 459.00, 280.55, STABLE
13, 259.0, 200.0, 259.0,100, 459.00, 0.00, STABLE
14, 779.7, 200.0, 99999.0,100, 459.00, 520.74, STABLE
15, 259.0, 200.0, 259.0,100, 459.00, 0.00, STABLE
16, 1657.5, 200.0, 99999.0,100, 509.00, 1348.45, STABLE
17, 309.0, 200.0, 309.0,100, 459.00, 50.00, STABLE
18, 259.0, 200.0, 259.0,100, 459.00, 0.00, STABLE
19, 774.8, 200.0, 99999.0,100, 489.00, 485.81, STABLE
20, 289.0, 200.0, 289.0,100, 223.00, 266.00, STABLE
21, 23.0, 200.0, 23.0,100, 223.00, 0.00, STABLE
22, 1053.8, 200.0, 99999.0,100, 223.00, 1030.80, STABLE
23, 23.0, 200.0, 23.0,100, 223.00, 0.00, STABLE
0, 1405.3, 200.0, 99999.0,100, 193.00, 1412.29, STABLE
1, 0.0, 200.0, 0.0,100, 193.00, 7.00, STABLE
2, 0.0, 200.0, 0.0,100, 193.00, 7.00, STABLE
3, 0.0, 200.0, 0.0,100, 193.00, 7.00, STABLE
4, 0.0, 200.0, 0.0,100, 193.00, 7.00, STABLE
5, 0.0, 200.0, 0.0,100, 193.00, 7.00, STABLE
6, 0.0, 200.0, 0.0,100, 193.00, 7.00, STABLE
7, 0.0, 200.0, 0.0,48, 459.00, 0.00, CRITICAL
8, 1245.3, 200.0, 99999.9,100, 539.00, 906.28, STABLE
9, 598.0, 200.0, 598.0,100, 489.00, 309.00, STABLE
10, 289.0, 200.0, 289.0,100, 489.00, 0.00, STABLE
11, 1636.0, 200.0, 99999.0,100, 509.00, 1326.99, STABLE
12, 309.0, 200.0, 309.0,100, 459.00, 50.00, STABLE
13, 259.0, 200.0, 259.0,100, 459.00, 0.00, STABLE
14, 1394.3, 200.0, 99999.0,100, 459.00, 1135.27, STABLE
15, 259.0, 200.0, 259.0,100, 459.00, 0.00, STABLE
16, 1024.3, 200.0, 99999.0,100, 509.00, 715.32, STABLE
17, 309.0, 200.0, 309.0,100, 459.00, 50.00, STABLE
18, 259.0, 200.0, 259.0,100, 459.00, 0.00, STABLE
19, 1588.3, 200.0, 99999.0,100, 489.00, 1299.29, STABLE
20, 289.0, 200.0, 289.0,100, 223.00, 266.00, STABLE
21, 23.0, 200.0, 23.0,100, 223.00, 0.00, STABLE
22, 1298.8, 200.0, 99999.0,100, 223.00, 1275.75, STABLE
23, 23.0, 200.0, 23.0,100, 223.00, 0.00, STABLE
0, 1115.2, 200.0, 99999.0,100, 193.00, 1122.24, STABLE
1, 0.0, 200.0, 0.0,100, 193.00, 7.00, STABLE
2, 0.0, 200.0, 0.0,100, 193.00, 7.00, STABLE
3, 0.0, 200.0, 0.0,100, 193.00, 7.00, STABLE
4, 0.0, 200.0, 0.0,100, 193.00, 7.00, STABLE
5, 0.0, 200.0, 0.0,100, 193.00, 7.00, STABLE
6, 0.0, 200.0, 0.0,100, 193.00, 7.00, STABLE
7, 0.0, 200.0, 0.0,48, 459.00, 0.00, CRITICAL
8, 1612.0, 200.0, 99999.9,100, 489.00, 1322.99, STABLE
9, 548.0, 200.0, 548.0,100, 489.00, 259.00, STABLE
10, 289.0, 200.0, 289.0,100, 489.00, 0.00, STABLE
11, 1210.9, 200.0, 99999.0,100, 509.00, 901.88, STABLE
12, 309.0, 200.0, 309.0,100, 509.00, 0.00, STABLE
13, 1442.3, 200.0, 99999.0,100, 459.00, 1183.28, STABLE
14, 259.0, 200.0, 259.0,100, 459.00, 0.00, STABLE
15, 1462.6, 200.0, 99999.0,100, 459.00, 1203.56, STABLE
16, 259.0, 200.0, 259.0,100, 459.00, 0.00, STABLE
17, 1516.4, 200.0, 99999.0,100, 509.00, 1207.36, STABLE
18, 309.0, 200.0, 309.0,100, 459.00, 50.00, STABLE
19, 259.0, 200.0, 259.0,94, 489.00, 0.00, CRITICAL
20, 1892.5, 200.0, 99999.9,100, 223.00, 1869.52, STABLE
21, 53.0, 200.0, 53.0,100, 223.00, 30.00, STABLE
22, 23.0, 200.0, 23.0,100, 223.00, 0.00, STABLE
23, 2429.6, 200.0, 99999.0,100, 223.00, 2406.61, STABLE
0, 23.0, 200.0, 23.0,100, 193.00, 30.00, STABLE
1, 0.0, 200.0, 0.0,100, 193.00, 7.00, STABLE
2, 0.0, 200.0, 0.0,100, 193.00, 7.00, STABLE
3, 0.0, 200.0, 0.0,100, 193.00, 7.00, STABLE
4, 0.0, 200.0, 0.0,100, 193.00, 7.00, STABLE
5, 0.0, 200.0, 0.0,100, 193.00, 7.00, STABLE
6, 0.0, 200.0, 0.0,100, 193.00, 7.00, STABLE
7, 0.0, 200.0, 0.0,48, 459.00, 0.00, CRITICAL
8, 1724.1, 200.0, 99999.9,100, 489.00, 1435.14, STABLE
9, 548.0, 200.0, 548.0,100, 489.00, 259.00, STABLE
10, 289.0, 200.0, 289.0,100, 489.00, 0.00, STABLE
11, 1405.8, 200.0, 99999.0,100, 459.00, 1146.84, STABLE
12, 259.0, 200.0, 259.0,100, 459.00, 0.00, STABLE
13, 975.5, 200.0, 99999.0,100, 459.00, 716.48, STABLE
14, 259.0, 200.0, 259.0,100, 459.00, 0.00, STABLE
15, 1061.6, 200.0, 99999.0,100, 459.00, 802.62, STABLE
16, 259.0, 200.0, 259.0,90, 509.00, 0.00, CRITICAL
17, 1130.9, 200.0, 99999.9,100, 509.00, 821.89, STABLE
18, 359.0, 200.0, 359.0,100, 459.00, 100.00, STABLE
19, 259.0, 200.0, 259.0,84, 539.00, 0.00, CRITICAL
20, 1191.3, 200.0, 99999.9,100, 223.00, 1168.29, STABLE
21, 103.0, 200.0, 103.0,100, 223.00, 80.00, STABLE
22, 23.0, 200.0, 23.0,100, 223.00, 0.00, STABLE
23, 1350.4, 200.0, 99999.0,100, 223.00, 1327.37, STABLE
0, 23.0, 200.0, 23.0,100, 193.00, 30.00, STABLE
1, 0.0, 200.0, 0.0,100, 193.00, 7.00, STABLE
2, 0.0, 200.0, 0.0,100, 193.00, 7.00, STABLE
3, 0.0, 200.0, 0.0,100, 193.00, 7.00, STABLE
4, 0.0, 200.0, 0.0,100, 193.00, 7.00, STABLE
5, 0.0, 200.0, 0.0,100, 193.00, 7.00, STABLE
6, 0.0, 200.0, 0.0,100, 193.00, 7.00, STABLE
7, 0.0, 200.0, 0.0,48, 459.00, 0.00, CRITICAL
8, 1624.6, 200.0, 99999.9,100, 489.00, 1335.61, STABLE
9, 548.0, 200.0, 548.0,100, 489.00, 259.00, STABLE
10, 289.0, 200.0, 289.0,100, 489.00, 0.00, STABLE
11, 1549.1, 200.0, 99999.0,100, 459.00, 1290.11, STABLE
12, 259.0, 200.0, 259.0,100, 459.00, 0.00, STABLE
13, 1940.9, 200.0, 99999.0,100, 459.00, 1681.94, STABLE
14, 259.0, 200.0, 259.0,100, 459.00, 0.00, STABLE
15, 1837.1, 200.0, 99999.0,100, 509.00, 1528.10, STABLE
16, 309.0, 200.0, 309.0,100, 459.00, 50.00, STABLE
17, 259.0, 200.0, 259.0,100, 459.00, 0.00, STABLE
18, 1152.5, 200.0, 99999.0,100, 459.00, 893.52, STABLE
19, 259.0, 200.0, 259.0,94, 489.00, 0.00, CRITICAL
20, 892.4, 200.0, 99999.9,100, 223.00, 869.45, STABLE
21, 53.0, 200.0, 53.0,100, 223.00, 30.00, STABLE
22, 23.0, 200.0, 23.0,100, 223.00, 0.00, STABLE
23, 592.2, 200.0, 99999.0,100, 223.00, 569.19, STABLE
0, 23.0, 200.0, 23.0,100, 193.00, 30.00, STABLE
1, 0.0, 200.0, 0.0,100, 193.00, 7.00, STABLE
2, 0.0, 200.0, 0.0,100, 193.00, 7.00, STABLE
3, 0.0, 200.0, 0.0,100, 193.00, 7.00, STABLE
4, 0.0, 200.0, 0.0,100, 193.00, 7.00, STABLE
5, 0.0, 200.0, 0.0,100, 193.00, 7.00, STABLE
6, 0.0, 200.0, 0.0,100, 193.00, 7.00, STABLE
7, 0.0, 200.0, 0.0,48, 459.00, 0.00, CRITICAL
8, 1554.0, 200.0, 99999.9,100, 489.00, 1265.02, STABLE
9, 548.0, 200.0, 548.0,100, 539.00, 209.00, STABLE
10, 339.0, 200.0, 339.0,100, 489.00, 50.00, STABLE
11, 289.0, 200.0, 289.0,100, 459.00, 30.00, STABLE
12, 259.0, 200.0, 259.0,100, 459.00, 0.00, STABLE
13, 1210.9, 200.0, 99999.0,100, 459.00, 951.87, STABLE
14, 259.0, 200.0, 259.0,100, 459.00, 0.00, STABLE
15, 697.2, 200.0, 99999.0,100, 459.00, 438.21, STABLE
16, 259.0, 200.0, 259.0,100, 459.00, 0.00, STABLE
17, 530.7, 200.0, 99999.0,100, 459.00, 271.72, STABLE
18, 259.0, 200.0, 259.0,100, 459.00, 0.00, STABLE
19, 592.0, 200.0, 99999.0,100, 489.00, 303.02, STABLE
20, 289.0, 200.0, 289.0,100, 223.00, 266.00, STABLE
21, 23.0, 200.0, 23.0,100, 223.00, 0.00, STABLE
22, 1088.6, 200.0, 99999.0,100, 223.00, 1065.63, STABLE
23, 23.0, 200.0, 23.0,100, 223.00, 0.00, STABLE
0, 911.2, 200.0, 99999.0,100, 193.00, 918.23, STABLE
1, 0.0, 200.0, 0.0,100, 193.00, 7.00, STABLE
2, 0.0, 200.0, 0.0,100, 193.00, 7.00, STABLE
3, 0.0, 200.0, 0.0,100, 193.00, 7.00, STABLE
4, 0.0, 200.0, 0.0,100, 193.00, 7.00, STABLE
5, 0.0, 200.0, 0.0,100, 193.00, 7.00, STABLE
6, 0.0, 200.0, 0.0,100, 193.00, 7.00, STABLE
7, 0.0, 200.0, 0.0,48, 459.00, 0.00, CRITICAL
8, 546.2, 200.0, 99999.9,100, 489.00, 257.24, STABLE
9, 744.5, 200.0, 99999.0,100, 489.00, 455.49, STABLE
10, 290.8, 200.0, 290.8,100, 489.00, 1.76, STABLE
11, 289.0, 200.0, 289.0,100, 459.00, 30.00, STABLE
12, 259.0, 200.0, 259.0,100, 459.00, 0.00, STABLE
13, 1237.5, 200.0, 99999.0,100, 509.00, 928.53, STABLE
14, 309.0, 200.0, 309.0,100, 459.00, 50.00, STABLE
15, 259.0, 200.0, 259.0,90, 509.00, 0.00, CRITICAL
16, 1020.5, 200.0, 99999.9,100, 459.00, 761.46, STABLE
17, 309.0, 200.0, 309.0,100, 459.00, 50.00, STABLE
18, 259.0, 200.0, 259.0,90, 509.00, 0.00, CRITICAL
19, 881.9, 200.0, 99999.9,100, 489.00, 592.92, STABLE
20, 339.0, 200.0, 339.0,100, 223.00, 316.00, STABLE
21, 23.0, 200.0, 23.0,100, 223.00, 0.00, STABLE
22, 1182.8, 200.0, 99999.0,100, 223.00, 1159.81, STABLE
23, 23.0, 200.0, 23.0,100, 223.00, 0.00, STABLE
0, 1414.5, 200.0, 99999.0,100, 193.00, 1421.54, STABLE
1, 0.0, 200.0, 0.0,100, 193.00, 7.00, STABLE
2, 0.0, 200.0, 0.0,100, 193.00, 7.00, STABLE
3, 0.0, 200.0, 0.0,100, 193.00, 7.00, STABLE
4, 0.0, 200.0, 0.0,100, 193.00, 7.00, STABLE
5, 0.0, 200.0, 0.0,100, 193.00, 7.00, STABLE
6, 0.0, 200.0, 0.0,100, 193.00, 7.00, STABLE
7, 0.0, 200.0, 0.0,48, 459.00, 0.00, CRITICAL
8, 878.8, 200.0, 99999.9,100, 539.00, 539.79, STABLE
9, 598.0, 200.0, 598.0,100, 489.00, 309.00, STABLE
10, 289.0, 200.0, 289.0,100, 489.00, 0.00, STABLE
11, 1087.6, 200.0, 99999.0,100, 459.00, 828.56, STABLE
12, 259.0, 200.0, 259.0,100, 459.00, 0.00, STABLE
13, 658.4, 200.0, 99999.0,100, 459.00, 399.42, STABLE
14, 259.0, 200.0, 259.0,100, 459.00, 0.00, STABLE
15, 705.1, 200.0, 99999.0,100, 459.00, 446.08, STABLE
16, 259.0, 200.0, 259.0,100, 459.00, 0.00, STABLE
17, 814.1, 200.0, 99999.0,100, 459.00, 555.11, STABLE
18, 259.0, 200.0, 259.0,100, 459.00, 0.00, STABLE
19, 576.3, 200.0, 99999.0,100, 489.00, 287.34, STABLE
20, 289.0, 200.0, 289.0,100, 223.00, 266.00, STABLE
21, 23.0, 200.0, 23.0,100, 223.00, 0.00, STABLE
22, 180.2, 200.0, 99999.0,100, 223.00, 157.24, STABLE
23, 23.0, 200.0, 23.0,100, 223.00, 0.00, STABLE
0, 290.7, 200.0, 99999.0,100, 193.00, 297.71, STABLE
1, 0.0, 200.0, 0.0,100, 193.00, 7.00, STABLE
2, 0.0, 200.0, 0.0,100, 193.00, 7.00, STABLE
3, 0.0, 200.0, 0.0,100, 193.00, 7.00, STABLE
4, 0.0, 200.0, 0.0,100, 193.00, 7.00, STABLE
5, 0.0, 200.0, 0.0,100, 193.00, 7.00, STABLE
6, 0.0, 200.0, 0.0,100, 193.00, 7.00, STABLE
7, 0.0, 200.0, 0.0,48, 459.00, 0.00, CRITICAL
8, 1939.4, 200.0, 99999.9,100, 539.00, 1600.43, STABLE
9, 598.0, 200.0, 598.0,100, 489.00, 309.00, STABLE
10, 289.0, 200.0, 289.0,100, 489.00, 0.00, STABLE
11, 1429.5, 200.0, 99999.0,100, 459.00, 1170.54, STABLE
12, 259.0, 200.0, 259.0,100, 459.00, 0.00, STABLE
13, 1250.4, 200.0, 99999.0,100, 459.00, 991.44, STABLE
14, 259.0, 200.0, 259.0,100, 459.00, 0.00, STABLE
15, 1183.4, 200.0, 99999.0,100, 459.00, 924.38, STABLE
16, 259.0, 200.0, 259.0,100, 459.00, 0.00, STABLE
17, 1436.4, 200.0, 99999.0,100, 459.00, 1177.37, STABLE
18, 259.0, 200.0, 259.0,100, 459.00, 0.00, STABLE
19, 1258.0, 200.0, 99999.0,100, 489.00, 968.98, STABLE
20, 289.0, 200.0, 289.0,100, 223.00, 266.00, STABLE
21, 23.0, 200.0, 23.0,100, 223.00, 0.00, STABLE
22, 1347.1, 200.0, 99999.0,100, 223.00, 1324.06, STABLE
23, 23.0, 200.0, 23.0,100, 223.00, 0.00, STABLE
0, 1075.7, 200.0, 99999.0,100, 193.00, 1082.73, STABLE
1, 0.0, 200.0, 0.0,100, 193.00, 7.00, STABLE
2, 0.0, 200.0, 0.0,100, 193.00, 7.00, STABLE
3, 0.0, 200.0, 0.0,100, 193.00, 7.00, STABLE
4, 0.0, 200.0, 0.0,100, 193.00, 7.00, STABLE
5, 0.0, 200.0, 0.0,100, 193.00, 7.00, STABLE
6, 0.0, 200.0, 0.0,100, 193.00, 7.00, STABLE
7, 0.0, 200.0, 0.0,48, 459.00, 0.00, CRITICAL
8, 1131.1, 200.0, 99999.9,100, 539.00, 792.11, STABLE
9, 598.0, 200.0, 598.0,100, 539.00, 259.00, STABLE
10, 339.0, 200.0, 339.0,100, 489.00, 50.00, STABLE
11, 289.0, 200.0, 289.0,100, 459.00, 30.00, STABLE
12, 259.0, 200.0, 259.0,100, 459.00, 0.00, STABLE
13, 1418.0, 200.0, 99999.0,100, 459.00, 1159.02, STABLE
14, 259.0, 200.0, 259.0,100, 459.00, 0.00, STABLE
15, 1722.1, 200.0, 99999.0,100, 459.00, 1463.08, STABLE
16, 259.0, 200.0, 259.0,100, 459.00, 0.00, STABLE
17, 1613.1, 200.0, 99999.0,100, 509.00, 1304.15, STABLE
18, 309.0, 200.0, 309.0,100, 509.00, 0.00, STABLE
19, 806.3, 200.0, 99999.0,100, 539.00, 467.25, STABLE
20, 339.0, 200.0, 339.0,100, 223.00, 316.00, STABLE
21, 23.0, 200.0, 23.0,100, 223.00, 0.00, STABLE
22, 854.6, 200.0, 99999.0,100, 223.00, 831.56, STABLE
23, 23.0, 200.0, 23.0,100, 223.00, 0.00, STABLE
0, 23.0, 200.0, 23.0,100, 193.00, 30.00, STABLE
1, 0.0, 200.0, 0.0,100, 193.00, 7.00, STABLE
2, 0.0, 200.0, 0.0,100, 193.00, 7.00, STABLE
3, 0.0, 200.0, 0.0,100, 193.00, 7.00, STABLE
4, 0.0, 200.0, 0.0,100, 193.00, 7.00, STABLE
5, 0.0, 200.0, 0.0,100, 193.00, 7.00, STABLE
6, 0.0, 200.0, 0.0,100, 193.00, 7.00, STABLE
7, 0.0, 200.0, 0.0,48, 459.00, 0.00, CRITICAL
8, 1106.9, 200.0, 99999.9,100, 489.00, 817.93, STABLE
9, 548.0, 200.0, 548.0,100, 489.00, 259.00, STABLE
10, 289.0, 200.0, 289.0,100, 489.00, 0.00, STABLE
11, 999.6, 200.0, 99999.0,100, 459.00, 740.65, STABLE
12, 259.0, 200.0, 259.0,90, 509.00, 0.00, CRITICAL
13, 1952.8, 200.0, 99999.9,100, 509.00, 1643.80, STABLE
14, 359.0, 200.0, 359.0,100, 459.00, 100.00, STABLE
15, 259.0, 200.0, 259.0,100, 459.00, 0.00, STABLE
16, 1988.8, 200.0, 99999.0,100, 459.00, 1729.80, STABLE
17, 259.0, 200.0, 259.0,100, 459.00, 0.00, STABLE
18, 2382.3, 200.0, 99999.0,100, 459.00, 2123.25, STABLE
19, 259.0, 200.0, 259.0,74, 589.00, 0.00, CRITICAL
20, 1352.7, 200.0, 99999.9,100, 223.00, 1329.67, STABLE
21, 153.0, 200.0, 153.0,100, 223.00, 130.00, STABLE
22, 23.0, 200.0, 23.0,100, 223.00, 0.00, STABLE
23, 1762.2, 200.0, 99999.0,100, 223.00, 1739.21, STABLE
0, 23.0, 200.0, 23.0,100, 193.00, 30.00, STABLE
1, 0.0, 200.0, 0.0,100, 193.00, 7.00, STABLE
2, 0.0, 200.0, 0.0,100, 193.00, 7.00, STABLE
3, 0.0, 200.0, 0.0,100, 193.00, 7.00, STABLE
4, 0.0, 200.0, 0.0,100, 193.00, 7.00, STABLE
5, 0.0, 200.0, 0.0,100, 193.00, 7.00, STABLE
6, 0.0, 200.0, 0.0,100, 193.00, 7.00, STABLE
7, 0.0, 200.0, 0.0,48, 459.00, 0.00, CRITICAL
8, 1507.8, 200.0, 99999.9,100, 489.00, 1218.78, STABLE
9, 548.0, 200.0, 548.0,100, 489.00, 259.00, STABLE
10, 289.0, 200.0, 289.0,100, 489.00, 0.00, STABLE
11, 2011.3, 200.0, 99999.0,100, 459.00, 1752.30, STABLE
12, 259.0, 200.0, 259.0,100, 459.00, 0.00, STABLE
13, 2174.0, 200.0, 99999.0,100, 459.00, 1915.00, STABLE
14, 259.0, 200.0, 259.0,100, 459.00, 0.00, STABLE
15, 2362.1, 200.0, 99999.0,100, 459.00, 2103.08, STABLE
16, 259.0, 200.0, 259.0,90, 509.00, 0.00, CRITICAL
17, 1963.6, 200.0, 99999.9,100, 459.00, 1704.60, STABLE
18, 309.0, 200.0, 309.0,100, 459.00, 50.00, STABLE
19, 259.0, 200.0, 259.0,94, 489.00, 0.00, CRITICAL
20, 1318.8, 200.0, 99999.9,100, 223.00, 1295.81, STABLE
21, 53.0, 200.0, 53.0,100, 223.00, 30.00, STABLE
22, 23.0, 200.0, 23.0,100, 223.00, 0.00, STABLE
23, 2034.7, 200.0, 99999.0,100, 223.00, 2011.68, STABLE
0, 23.0, 200.0, 23.0,100, 193.00, 30.00, STABLE
1, 0.0, 200.0, 0.0,100, 193.00, 7.00, STABLE
2, 0.0, 200.0, 0.0,100, 193.00, 7.00, STABLE
3, 0.0, 200.0, 0.0,100, 193.00, 7.00, STABLE
4, 0.0, 200.0, 0.0,100, 193.00, 7.00, STABLE
5, 0.0, 200.0, 0.0,100, 193.00, 7.00, STABLE
6, 0.0, 200.0, 0.0,100, 193.00, 7.00, STABLE
7, 0.0, 200.0, 0.0,48, 459.00, 0.00, CRITICAL
8, 1622.5, 200.0, 99999.9,100, 489.00, 1333.48, STABLE
9, 548.0, 200.0, 548.0,100, 539.00, 209.00, STABLE
10, 339.0, 200.0, 339.0,100, 489.00, 50.00, STABLE
11, 289.0, 200.0, 289.0,100, 459.00, 30.00, STABLE
12, 259.0, 200.0, 259.0,90, 509.00, 0.00, CRITICAL
13, 1383.9, 200.0, 99999.9,100, 459.00, 1124.89, STABLE
14, 309.0, 200.0, 309.0,100, 509.00, 0.00, STABLE
15, 1431.0, 200.0, 99999.0,100, 459.00, 1172.03, STABLE
16, 259.0, 200.0, 259.0,100, 459.00, 0.00, STABLE
17, 2086.2, 200.0, 99999.0,100, 509.00, 1777.20, STABLE
18, 309.0, 200.0, 309.0,100, 459.00, 50.00, STABLE
19, 259.0, 200.0, 259.0,84, 539.00, 0.00, CRITICAL
20, 2534.2, 200.0, 99999.9,100, 223.00, 2511.24, STABLE
21, 103.0, 200.0, 103.0,100, 223.00, 80.00, STABLE
22, 23.0, 200.0, 23.0,100, 223.00, 0.00, STABLE
23, 2524.5, 200.0, 99999.0,100, 223.00, 2501.47, STABLE
0, 23.0, 200.0, 23.0,100, 193.00, 30.00, STABLE
1, 0.0, 200.0, 0.0,100, 193.00, 7.00, STABLE
2, 0.0, 200.0, 0.0,100, 193.00, 7.00, STABLE
3, 0.0, 200.0, 0.0,100, 193.00, 7.00, STABLE
4, 0.0, 200.0, 0.0,100, 193.00, 7.00, STABLE
5, 0.0, 200.0, 0.0,100, 193.00, 7.00, STABLE
6, 0.0, 200.0, 0.0,100, 193.00, 7.00, STABLE
7, 0.0, 200.0, 0.0,38, 509.00, 0.00, CRITICAL
8, 1988.2, 200.0, 99999.9,100, 489.00, 1699.21, STABLE
9, 598.0, 200.0, 598.0,100, 489.00, 309.00, STABLE
10, 289.0, 200.0, 289.0,100, 489.00, 0.00, STABLE
11, 1848.2, 200.0, 99999.0,100, 459.00, 1589.17, STABLE
12, 259.0, 200.0, 259.0,100, 459.00, 0.00, STABLE
13, 1376.1, 200.0, 99999.0,100, 459.00, 1117.05, STABLE
14, 259.0, 200.0, 259.0,100, 459.00, 0.00, STABLE
15, 1849.7, 200.0, 99999.0,100, 459.00, 1590.73, STABLE
16, 259.0, 200.0, 259.0,100, 459.00, 0.00, STABLE
17, 2011.1, 200.0, 99999.0,100, 459.00, 1752.08, STABLE
18, 259.0, 200.0, 259.0,100, 459.00, 0.00, STABLE
19, 2069.1, 200.0, 99999.0,100, 489.00, 1780.08, STABLE
20, 289.0, 200.0, 289.0,100, 223.00, 266.00, STABLE
21, 23.0, 200.0, 23.0,100, 223.00, 0.00, STABLE
22, 1747.5, 200.0, 99999.0,100, 223.00, 1724.48, STABLE
23, 23.0, 200.0, 23.0,100, 223.00, 0.00, STABLE
0, 1937.8, 200.0, 99999.0,100, 193.00, 1944.75, STABLE
1, 0.0, 200.0, 0.0,100, 193.00, 7.00, STABLE
2, 0.0, 200.0, 0.0,100, 193.00, 7.00, STABLE
3, 0.0, 200.0, 0.0,100, 193.00, 7.00, STABLE
4, 0.0, 200.0, 0.0,100, 193.00, 7.00, STABLE
5, 0.0, 200.0, 0.0,100, 193.00, 7.00, STABLE
6, 0.0, 200.0, 0.0,100, 193.00, 7.00, STABLE
7, 0.0, 200.0, 0.0,48, 459.00, 0.00, CRITICAL
8, 1384.0, 200.0, 99999.9,100, 539.00, 1045.04, STABLE
9, 598.0, 200.0, 598.0,100, 489.00, 309.00, STABLE
10, 289.0, 200.0, 289.0,100, 489.00, 0.00, STABLE
11, 1297.1, 200.0, 99999.0,100, 459.00, 1038.11, STABLE
12, 259.0, 200.0, 259.0,100, 459.00, 0.00, STABLE
13, 1754.0, 200.0, 99999.0,100, 459.00, 1494.97, STABLE
14, 259.0, 200.0, 259.0,100, 459.00, 0.00, STABLE
15, 1028.0, 200.0, 99999.0,100, 459.00, 768.99, STABLE
16, 259.0, 200.0, 259.0,100, 459.00, 0.00, STABLE
17, 1710.0, 200.0, 99999.0,100, 509.00, 1401.02, STABLE
18, 309.0, 200.0, 309.0,100, 459.00, 50.00, STABLE
19, 259.0, 200.0, 259.0,94, 489.00, 0.00, CRITICAL
20, 1597.4, 200.0, 99999.9,100, 223.00, 1574.41, STABLE
21, 53.0, 200.0, 53.0,100, 223.00, 30.00, STABLE
22, 23.0, 200.0, 23.0,100, 223.00, 0.00, STABLE
23, 1692.8, 200.0, 99999.0,100, 223.00, 1669.83, STABLE
0, 23.0, 200.0, 23.0,100, 193.00, 30.00, STABLE
1, 0.0, 200.0, 0.0,100, 193.00, 7.00, STABLE
2, 0.0, 200.0, 0.0,100, 193.00, 7.00, STABLE
3, 0.0, 200.0, 0.0,100, 193.00, 7.00, STABLE
4, 0.0, 200.0, 0.0,100, 193.00, 7.00, STABLE
5, 0.0, 200.0, 0.0,100, 193.00, 7.00, STABLE
6, 0.0, 200.0, 0.0,100, 193.00, 7.00, STABLE
7, 0.0, 200.0, 0.0,48, 459.00, 0.00, CRITICAL
8, 1524.3, 200.0, 99999.9,100, 489.00, 1235.33, STABLE
9, 548.0, 200.0, 548.0,100, 489.00, 259.00, STABLE
10, 289.0, 200.0, 289.0,100, 489.00, 0.00, STABLE
11, 2103.9, 200.0, 99999.0,100, 459.00, 1844.91, STABLE
12, 259.0, 200.0, 259.0,100, 459.00, 0.00, STABLE
13, 2023.8, 200.0, 99999.0,100, 459.00, 1764.76, STABLE
14, 259.0, 200.0, 259.0,90, 509.00, 0.00, CRITICAL
15, 1829.7, 200.0, 99999.9,100, 459.00, 1570.66, STABLE
16, 309.0, 200.0, 309.0,100, 459.00, 50.00, STABLE
17, 259.0, 200.0, 259.0,90, 509.00, 0.00, CRITICAL
18, 1376.6, 200.0, 99999.9,100, 509.00, 1067.61, STABLE
19, 359.0, 200.0, 359.0,100, 489.00, 70.00, STABLE
20, 289.0, 200.0, 289.0,100, 223.00, 266.00, STABLE
21, 23.0, 200.0, 23.0,100, 223.00, 0.00, STABLE
22, 1772.4, 200.0, 99999.0,100, 223.00, 1749.37, STABLE
23, 23.0, 200.0, 23.0,100, 223.00, 0.00, STABLE
0, 1481.5, 200.0, 99999.0,100, 193.00, 1488.53, STABLE
1, 0.0, 200.0, 0.0,100, 193.00, 7.00, STABLE
2, 0.0, 200.0, 0.0,100, 193.00, 7.00, STABLE
3, 0.0, 200.0, 0.0,100, 193.00, 7.00, STABLE
4, 0.0, 200.0, 0.0,100, 193.00, 7.00, STABLE
5, 0.0, 200.0, 0.0,100, 193.00, 7.00, STABLE
6, 0.0, 200.0, 0.0,100, 193.00, 7.00, STABLE
7, 0.0, 200.0, 0.0,38, 509.00, 0.00, CRITICAL
8, 1058.0, 200.0, 99999.9,100, 489.00, 768.97, STABLE
9, 598.0, 200.0, 598.0,100, 489.00, 309.00, STABLE
10, 289.0, 200.0, 289.0,100, 489.00, 0.00, STABLE
11, 1186.6, 200.0, 99999.0,100, 459.00, 927.58, STABLE
12, 259.0, 200.0, 259.0,100, 459.00, 0.00, STABLE
13, 1211.6, 200.0, 99999.0,100, 459.00, 952.57, STABLE
14, 259.0, 200.0, 259.0,100, 459.00, 0.00, STABLE
15, 786.4, 200.0, 99999.0,100, 459.00, 527.43, STABLE
16, 259.0, 200.0, 259.0,90, 509.00, 0.00, CRITICAL
17, 1131.4, 200.0, 99999.9,100, 459.00, 872.45, STABLE
18, 309.0, 200.0, 309.0,100, 459.00, 50.00, STABLE
19, 259.0, 200.0, 259.0,94, 489.00, 0.00, CRITICAL
20, 1135.8, 200.0, 99999.9,100, 223.00, 1112.76, STABLE
21, 53.0, 200.0, 53.0,100, 223.00, 30.00, STABLE
22, 23.0, 200.0, 23.0,100, 223.00, 0.00, STABLE
23, 1789.5, 200.0, 99999.0,100, 223.00, 1766.55, STABLE
0, 23.0, 200.0, 23.0,100, 193.00, 30.00, STABLE
1, 0.0, 200.0, 0.0,100, 193.00, 7.00, STABLE
2, 0.0, 200.0, 0.0,100, 193.00, 7.00, STABLE
3, 0.0, 200.0, 0.0,100, 193.00, 7.00, STABLE
4, 0.0, 200.0, 0.0,100, 193.00, 7.00, STABLE
5, 0.0, 200.0, 0.0,100, 193.00, 7.00, STABLE
6, 0.0, 200.0, 0.0,100, 193.00, 7.00, STABLE
7, 0.0, 200.0, 0.0,48, 459.00, 0.00, CRITICAL
8, 1041.1, 200.0, 99999.9,100, 489.00, 752.08, STABLE
9, 548.0, 200.0, 548.0,100, 489.00, 259.00, STABLE
10, 289.0, 200.0, 289.0,100, 489.00, 0.00, STABLE
11, 1080.3, 200.0, 99999.0,100, 459.00, 821.26, STABLE
12, 259.0, 200.0, 259.0,100, 459.00, 0.00, STABLE
13, 264.0, 200.0, 99999.0,100, 459.00, 5.03, STABLE
14, 259.0, 200.0, 259.0,100, 459.00, 0.00, STABLE
15, 603.6, 200.0, 99999.0,100, 459.00, 344.57, STABLE
16, 259.0, 200.0, 259.0,100, 459.00, 0.00, STABLE
17, 464.0, 200.0, 99999.0,100, 509.00, 155.04, STABLE
18, 179.9, 200.0, 309.0,84, 459.00, 0.00, CRITICAL
19, 421.9, 200.0, 99999.9,100, 539.00, 82.86, STABLE
20, 291.8, 200.0, 418.1,100, 223.00, 268.84, STABLE
21, 23.0, 200.0, 23.0,100, 223.00, 0.00, STABLE
22, 761.4, 200.0, 99999.0,100, 223.00, 738.44, STABLE
23, 23.0, 200.0, 23.0,100, 223.00, 0.00, STABLE
0, 669.4, 200.0, 99999.0,100, 193.00, 676.43, STABLE
1, 0.0, 200.0, 0.0,100, 193.00, 7.00, STABLE
2, 0.0, 200.0, 0.0,100, 193.00, 7.00, STABLE
3, 0.0, 200.0, 0.0,100, 193.00, 7.00, STABLE
4, 0.0, 200.0, 0.0,100, 193.00, 7.00, STABLE
5, 0.0, 200.0, 0.0,100, 193.00, 7.00, STABLE
6, 0.0, 200.0, 0.0,100, 193.00, 7.00, STABLE
7, 0.0, 200.0, 0.0,48, 459.00, 0.00, CRITICAL
8, 1037.9, 200.0, 99999.9,100, 489.00, 748.92, STABLE
9, 548.0, 200.0, 548.0,100, 489.00, 259.00, STABLE
10, 289.0, 200.0, 289.0,90, 539.00, 0.00, CRITICAL
11, 1203.2, 200.0, 99999.9,100, 459.00, 944.15, STABLE
12, 309.0, 200.0, 309.0,100, 459.00, 50.00, STABLE
13, 259.0, 200.0, 259.0,90, 509.00, 0.00, CRITICAL
14, 857.4, 200.0, 99999.9,100, 509.00, 548.35, STABLE
15, 359.0, 200.0, 359.0,100, 509.00, 50.00, STABLE
16, 309.0, 200.0, 309.0,100, 459.00, 50.00, STABLE
17, 259.0, 200.0, 259.0,100, 459.00, 0.00, STABLE
18, 1255.5, 200.0, 99999.0,100, 459.00, 996.52, STABLE
19, 259.0, 200.0, 259.0,94, 489.00, 0.00, CRITICAL
20, 1073.1, 200.0, 99999.9,100, 223.00, 1050.11, STABLE
21, 53.0, 200.0, 53.0,100, 223.00, 30.00, STABLE
22, 23.0, 200.0, 23.0,100, 223.00, 0.00, STABLE
23, 866.8, 200.0, 99999.0,100, 223.00, 843.77, STABLE
0, 23.0, 200.0, 23.0,100, 193.00, 30.00, STABLE
1, 0.0, 200.0, 0.0,100, 193.00, 7.00, STABLE
2, 0.0, 200.0, 0.0,100, 193.00, 7.00, STABLE
3, 0.0, 200.0, 0.0,100, 193.00, 7.00, STABLE
4, 0.0, 200.0, 0.0,100, 193.00, 7.00, STABLE
5, 0.0, 200.0, 0.0,100, 193.00, 7.00, STABLE
6, 0.0, 200.0, 0.0,100, 193.00, 7.00, STABLE
7, 0.0, 200.0, 0.0,48, 459.00, 0.00, CRITICAL
8, 8.9, 200.0, 99999.9,0, 489.00, -39.06, CRITICAL
9, 504.8, 200.0, 99999.9,43, 489.00, 215.77, STABLE
10, 275.2, 200.0, 99999.0,40, 489.00, 0.00, CRITICAL
11, 494.2, 200.0, 99999.9,77, 509.00, 185.20, STABLE
12, 839.4, 200.0, 99999.0,100, 459.00, 580.35, STABLE
13, 371.8, 200.0, 371.8,100, 459.00, 112.79, STABLE
14, 259.0, 200.0, 259.0,100, 459.00, 0.00, STABLE
15, 259.0, 200.0, 259.0,100, 459.00, 0.00, STABLE
16, 191.9, 200.0, 99999.0,77, 509.00, 0.00, CRITICAL
17, 227.7, 200.0, 99999.9,70, 459.00, 0.00, CRITICAL
18, 52.1, 200.0, 99999.9,29, 459.00, 0.00, CRITICAL
19, 173.1, 200.0, 99999.9,6, 489.00, 0.00, CRITICAL
20, 180.8, 200.0, 99999.9,37, 223.00, 157.77, STABLE
21, 64.9, 200.0, 99999.0,46, 223.00, 41.94, STABLE
22, 830.3, 200.0, 99999.0,100, 223.00, 807.32, STABLE
23, 294.6, 200.0, 294.6,100, 223.00, 271.58, STABLE
0, 23.0, 200.0, 23.0,100, 193.00, 30.00, STABLE
1, 0.0, 200.0, 0.0,100, 193.00, 7.00, STABLE
2, 0.0, 200.0, 0.0,100, 193.00, 7.00, STABLE
3, 0.0, 200.0, 0.0,100, 193.00, 7.00, STABLE
4, 0.0, 200.0, 0.0,100, 193.00, 7.00, STABLE
5, 0.0, 200.0, 0.0,100, 193.00, 7.00, STABLE
6, 0.0, 200.0, 0.0,100, 193.00, 7.00, STABLE
7, 0.0, 200.0, 0.0,48, 459.00, 0.00, CRITICAL
8, 1107.2, 200.0, 99999.9,100, 489.00, 818.22, STABLE
9, 465.2, 200.0, 548.0,100, 489.00, 176.19, STABLE
10, 289.0, 200.0, 289.0,90, 539.00, 0.00, CRITICAL
11, 485.4, 200.0, 99999.9,100, 459.00, 226.43, STABLE
12, 309.0, 200.0, 309.0,100, 459.00, 50.00, STABLE
13, 259.0, 200.0, 259.0,100, 459.00, 0.00, STABLE
14, 382.0, 200.0, 99999.0,100, 459.00, 123.01, STABLE
15, 259.0, 200.0, 259.0,100, 459.00, 0.00, STABLE
16, 291.7, 200.0, 99999.0,87, 559.00, 0.00, CRITICAL
17, 583.3, 200.0, 99999.9,100, 459.00, 324.33, STABLE
18, 326.3, 200.0, 326.3,93, 559.00, 0.00, CRITICAL
19, 404.3, 200.0, 99999.9,100, 489.00, 115.34, STABLE
20, 321.7, 200.0, 321.7,100, 223.00, 298.67, STABLE
21, 23.0, 200.0, 23.0,100, 223.00, 0.00, STABLE
22, 167.3, 200.0, 99999.0,100, 223.00, 144.26, STABLE
23, 23.0, 200.0, 23.0,100, 223.00, 0.00, STABLE
0, 486.2, 200.0, 99999.0,100, 193.00, 493.23, STABLE
1, 0.0, 200.0, 0.0,100, 193.00, 7.00, STABLE
2, 0.0, 200.0, 0.0,100, 193.00, 7.00, STABLE
3, 0.0, 200.0, 0.0,100, 193.00, 7.00, STABLE
4, 0.0, 200.0, 0.0,100, 193.00, 7.00, STABLE
5, 0.0, 200.0, 0.0,100, 193.00, 7.00, STABLE
6, 0.0, 200.0, 0.0,100, 193.00, 7.00, STABLE
7, 0.0, 200.0, 0.0,48, 459.00, 0.00, CRITICAL
8, 2.2, 200.0, 99999.9,0, 489.00, -45.77, CRITICAL
9, 94.3, 200.0, 99999.9,0, 489.00, -194.67, CRITICAL
10, 190.4, 200.0, 99999.9,0, 539.00, -148.56, CRITICAL
11, 874.0, 200.0, 99999.9,100, 459.00, 615.03, STABLE
12, 744.0, 200.0, 759.0,100, 459.00, 485.01, STABLE
13, 259.0, 200.0, 259.0,100, 459.00, 0.00, STABLE
14, 1030.5, 200.0, 99999.0,100, 459.00, 771.45, STABLE
15, 259.0, 200.0, 259.0,100, 459.00, 0.00, STABLE
16, 1314.5, 200.0, 99999.0,100, 459.00, 1055.52, STABLE
17, 259.0, 200.0, 259.0,100, 459.00, 0.00, STABLE
18, 1620.0, 200.0, 99999.0,100, 459.00, 1361.00, STABLE
19, 259.0, 200.0, 259.0,94, 489.00, 0.00, CRITICAL
20, 1121.9, 200.0, 99999.9,100, 223.00, 1098.93, STABLE
21, 53.0, 200.0, 53.0,100, 223.00, 30.00, STABLE
22, 23.0, 200.0, 23.0,100, 223.00, 0.00, STABLE
23, 1124.0, 200.0, 99999.0,100, 223.00, 1101.04, STABLE
0, 23.0, 200.0, 23.0,100, 193.00, 30.00, STABLE
1, 0.0, 200.0, 0.0,100, 193.00, 7.00, STABLE
2, 0.0, 200.0, 0.0,100, 193.00, 7.00, STABLE
3, 0.0, 200.0, 0.0,100, 193.00, 7.00, STABLE
4, 0.0, 200.0, 0.0,100, 193.00, 7.00, STABLE
5, 0.0, 200.0, 0.0,100, 193.00, 7.00, STABLE
6, 0.0, 200.0, 0.0,100, 193.00, 7.00, STABLE
7, 0.0, 200.0, 0.0,38, 509.00, 0.00, CRITICAL
8, 633.1, 200.0, 99999.9,100, 489.00, 344.11, STABLE
9, 182.2, 200.0, 598.0,79, 489.00, 0.00, CRITICAL
10, 342.0, 200.0, 99999.9,89, 489.00, 52.97, STABLE
11, 829.2, 200.0, 99999.0,100, 459.00, 570.24, STABLE
12, 312.8, 200.0, 312.8,100, 459.00, 53.84, STABLE
13, 259.0, 200.0, 259.0,100, 459.00, 0.00, STABLE
14, 951.0, 200.0, 99999.0,100, 459.00, 691.99, STABLE
15, 259.0, 200.0, 259.0,90, 509.00, 0.00, CRITICAL
16, 1346.6, 200.0, 99999.9,100, 459.00, 1087.63, STABLE
17, 309.0, 200.0, 309.0,100, 459.00, 50.00, STABLE
18, 259.0, 200.0, 259.0,90, 509.00, 0.00, CRITICAL
19, 1222.4, 200.0, 99999.9,100, 489.00, 933.36, STABLE
20, 339.0, 200.0, 339.0,100, 223.00, 316.00, STABLE
21, 23.0, 200.0, 23.0,100, 223.00, 0.00, STABLE
22, 389.6, 200.0, 99999.0,100, 223.00, 366.56, STABLE
23, 23.0, 200.0, 23.0,100, 223.00, 0.00, STABLE
0, 571.0, 200.0, 99999.0,100, 193.00, 578.03, STABLE
1, 0.0, 200.0, 0.0,100, 193.00, 7.00, STABLE
2, 0.0, 200.0, 0.0,100, 193.00, 7.00, STABLE
3, 0.0, 200.0, 0.0,100, 193.00, 7.00, STABLE
4, 0.0, 200.0, 0.0,100, 193.00, 7.00, STABLE
5, 0.0, 200.0, 0.0,100, 193.00, 7.00, STABLE
6, 0.0, 200.0, 0.0,100, 193.00, 7.00, STABLE
7, 0.0, 200.0, 0.0,48, 459.00, 0.00, CRITICAL
8, 1437.3, 200.0, 99999.9,100, 489.00, 1148.32, STABLE
9, 548.0, 200.0, 548.0,100, 489.00, 259.00, STABLE
10, 289.0, 200.0, 289.0,100, 489.00, 0.00, STABLE
11, 1648.1, 200.0, 99999.0,100, 459.00, 1389.12, STABLE
12, 259.0, 200.0, 259.0,100, 459.00, 0.00, STABLE
13, 1219.3, 200.0, 99999.0,100, 459.00, 960.25, STABLE
14, 259.0, 200.0, 259.0,100, 459.00, 0.00, STABLE
15, 1050.1, 200.0, 99999.0,100, 459.00, 791.11, STABLE
16, 259.0, 200.0, 259.0,90, 509.00, 0.00, CRITICAL
17, 1259.6, 200.0, 99999.9,100, 459.00, 1000.64, STABLE
18, 309.0, 200.0, 309.0,100, 459.00, 50.00, STABLE
19, 259.0, 200.0, 259.0,84, 539.00, 0.00, CRITICAL
20, 1404.2, 200.0, 99999.9,100, 223.00, 1381.20, STABLE
21, 103.0, 200.0, 103.0,100, 223.00, 80.00, STABLE
22, 23.0, 200.0, 23.0,100, 223.00, 0.00, STABLE
23, 1562.6, 200.0, 99999.0,100, 223.00, 1539.57, STABLE
0, 23.0, 200.0, 23.0,100, 193.00, 30.00, STABLE
1, 0.0, 200.0, 0.0,100, 193.00, 7.00, STABLE
2, 0.0, 200.0, 0.0,100, 193.00, 7.00, STABLE
3, 0.0, 200.0, 0.0,100, 193.00, 7.00, STABLE
4, 0.0, 200.0, 0.0,100, 193.00, 7.00, STABLE
5, 0.0, 200.0, 0.0,100, 193.00, 7.00, STABLE
6, 0.0, 200.0, 0.0,100, 193.00, 7.00, STABLE
7, 0.0, 200.0, 0.0,48, 459.00, 0.00, CRITICAL
8, 1245.5, 200.0, 99999.9,100, 589.00, 856.47, STABLE
9, 648.0, 200.0, 648.0,100, 489.00, 359.00, STABLE
10, 289.0, 200.0, 289.0,100, 489.00, 0.00, STABLE
11, 1183.9, 200.0, 99999.0,100, 459.00, 924.92, STABLE
12, 259.0, 200.0, 259.0,90, 509.00, 0.00, CRITICAL
13, 1290.0, 200.0, 99999.9,100, 459.00, 1030.98, STABLE
14, 309.0, 200.0, 309.0,100, 459.00, 50.00, STABLE
15, 259.0, 200.0, 259.0,100, 459.00, 0.00, STABLE
16, 292.6, 200.0, 99999.0,100, 459.00, 33.56, STABLE
17, 259.0, 200.0, 259.0,100, 459.00, 0.00, STABLE
18, 668.9, 200.0, 99999.0,100, 509.00, 359.85, STABLE
19, 309.0, 200.0, 309.0,84, 589.00, 0.00, CRITICAL
20, 1042.3, 200.0, 99999.9,100, 223.00, 1019.26, STABLE
21, 103.0, 200.0, 103.0,100, 223.00, 80.00, STABLE
22, 23.0, 200.0, 23.0,100, 223.00, 0.00, STABLE
23, 1320.2, 200.0, 99999.0,100, 223.00, 1297.24, STABLE
0, 23.0, 200.0, 23.0,100, 193.00, 30.00, STABLE
1, 0.0, 200.0, 0.0,100, 193.00, 7.00, STABLE
2, 0.0, 200.0, 0.0,100, 193.00, 7.00, STABLE
3, 0.0, 200.0, 0.0,100, 193.00, 7.00, STABLE
4, 0.0, 200.0, 0.0,100, 193.00, 7.00, STABLE
5, 0.0, 200.0, 0.0,100, 193.00, 7.00, STABLE
6, 0.0, 200.0, 0.0,100, 193.00, 7.00, STABLE
7, 0.0, 200.0, 0.0,48, 459.00, 0.00, CRITICAL
8, 1342.1, 200.0, 99999.9,100, 489.00, 1053.07, STABLE
9, 548.0, 200.0, 548.0,100, 489.00, 259.00, STABLE
10, 289.0, 200.0, 289.0,100, 489.00, 0.00, STABLE
11, 1576.6, 200.0, 99999.0,100, 459.00, 1317.60, STABLE
12, 259.0, 200.0, 259.0,90, 509.00, 0.00, CRITICAL
13, 1122.5, 200.0, 99999.9,100, 459.00, 863.47, STABLE
14, 309.0, 200.0, 309.0,100, 509.00, 0.00, STABLE
15, 757.2, 200.0, 99999.0,100, 459.00, 498.25, STABLE
16, 259.0, 200.0, 259.0,100, 459.00, 0.00, STABLE
17, 730.3, 200.0, 99999.0,100, 509.00, 421.32, STABLE
18, 309.0, 200.0, 309.0,100, 459.00, 50.00, STABLE
19, 259.0, 200.0, 259.0,94, 489.00, 0.00, CRITICAL
20, 629.2, 200.0, 99999.9,100, 223.00, 606.16, STABLE
21, 53.0, 200.0, 53.0,100, 223.00, 30.00, STABLE
22, 23.0, 200.0, 23.0,100, 223.00, 0.00, STABLE
23, 1072.7, 200.0, 99999.0,100, 223.00, 1049.66, STABLE
0, 23.0, 200.0, 23.0,100, 193.00, 30.00, STABLE
1, 0.0, 200.0, 0.0,100, 193.00, 7.00, STABLE
2, 0.0, 200.0, 0.0,100, 193.00, 7.00, STABLE
3, 0.0, 200.0, 0.0,100, 193.00, 7.00, STABLE
4, 0.0, 200.0, 0.0,100, 193.00, 7.00, STABLE
5, 0.0, 200.0, 0.0,100, 193.00, 7.00, STABLE
6, 0.0, 200.0, 0.0,100, 193.00, 7.00, STABLE
7, 0.0, 200.0, 0.0,48, 459.00, 0.00, CRITICAL
8, 1245.7, 200.0, 99999.9,100, 489.00, 956.67, STABLE
9, 548.0, 200.0, 548.0,100, 489.00, 259.00, STABLE
10, 289.0, 200.0, 289.0,100, 489.00, 0.00, STABLE
11, 1255.5, 200.0, 99999.0,100, 509.00, 946.51, STABLE
12, 309.0, 200.0, 309.0,100, 459.00, 50.00, STABLE
13, 259.0, 200.0, 259.0,100, 459.00, 0.00, STABLE
14, 1789.1, 200.0, 99999.0,100, 459.00, 1530.09, STABLE
15, 259.0, 200.0, 259.0,90, 509.00, 0.00, CRITICAL
16, 1000.6, 200.0, 99999.9,100, 459.00, 741.57, STABLE
17, 309.0, 200.0, 309.0,100, 459.00, 50.00, STABLE
18, 259.0, 200.0, 259.0,90, 509.00, 0.00, CRITICAL
19, 796.0, 200.0, 99999.9,100, 539.00, 457.03, STABLE
20, 389.0, 200.0, 389.0,100, 223.00, 366.00, STABLE
21, 23.0, 200.0, 23.0,100, 223.00, 0.00, STABLE
22, 644.6, 200.0, 99999.0,100, 223.00, 621.63, STABLE
23, 23.0, 200.0, 23.0,100, 223.00, 0.00, STABLE
0, 521.7, 200.0, 99999.0,100, 193.00, 528.69, STABLE
1, 0.0, 200.0, 0.0,100, 193.00, 7.00, STABLE
2, 0.0, 200.0, 0.0,100, 193.00, 7.00, STABLE
3, 0.0, 200.0, 0.0,100, 193.00, 7.00, STABLE
4, 0.0, 200.0, 0.0,100, 193.00, 7.00, STABLE
5, 0.0, 200.0, 0.0,100, 193.00, 7.00, STABLE
6, 0.0, 200.0, 0.0,100, 193.00, 7.00, STABLE
7, 0.0, 200.0, 0.0,48, 459.00, 0.00, CRITICAL
8, 1349.2, 200.0, 99999.9,100, 539.00, 1010.23, STABLE
9, 598.0, 200.0, 598.0,100, 489.00, 309.00, STABLE
10, 289.0, 200.0, 289.0,100, 489.00, 0.00, STABLE
11, 930.5, 200.0, 99999.0,100, 459.00, 671.55, STABLE
12, 259.0, 200.0, 259.0,100, 459.00, 0.00, CRITICAL
13, 1493.7, 200.0, 99999.9,100, 459.00, 1234.72, STABLE
14, 259.0, 200.0, 259.0,90, 509.00, 0.00, CRITICAL
15, 851.6, 200.0, 99999.9,100, 509.00, 542.63, STABLE
16, 359.0, 200.0, 359.0,100, 509.00, 50.00, STABLE
17, 309.0, 200.0, 309.0,100, 459.00, 50.00, STABLE
18, 259.0, 200.0, 259.0,100, 459.00, 0.00, STABLE
19, 1012.9, 200.0, 99999.0,100, 489.00, 723.91, STABLE
20, 289.0, 200.0, 289.0,100, 223.00, 266.00, STABLE
21, 23.0, 200.0, 23.0,100, 223.00, 0.00, STABLE
22, 1304.8, 200.0, 99999.0,100, 223.00, 1281.79, STABLE
23, 23.0, 200.0, 23.0,100, 223.00, 0.00, STABLE
0, 1272.9, 200.0, 99999.0,100, 193.00, 1279.87, STABLE
1, 0.0, 200.0, 0.0,100, 193.00, 7.00, STABLE
2, 0.0, 200.0, 0.0,100, 193.00, 7.00, STABLE
3, 0.0, 200.0, 0.0,100, 193.00, 7.00, STABLE
4, 0.0, 200.0, 0.0,100, 193.00, 7.00, STABLE
5, 0.0, 200.0, 0.0,100, 193.00, 7.00, STABLE
6, 0.0, 200.0, 0.0,100, 193.00, 7.00, STABLE
7, 0.0, 200.0, 0.0,48, 459.00, 0.00, CRITICAL
8, 1565.3, 200.0, 99999.9,100, 489.00, 1276.29, STABLE
9, 548.0, 200.0, 548.0,100, 489.00, 259.00, STABLE
10, 289.0, 200.0, 289.0,100, 489.00, 0.00, STABLE
11, 2023.3, 200.0, 99999.0,100, 459.00, 1764.30, STABLE
12, 259.0, 200.0, 259.0,90, 509.00, 0.00, CRITICAL
13, 1797.5, 200.0, 99999.9,100, 459.00, 1538.47, STABLE
14, 309.0, 200.0, 309.0,100, 459.00, 50.00, STABLE
15, 259.0, 200.0, 259.0,100, 459.00, 0.00, STABLE
16, 1180.8, 200.0, 99999.0,100, 509.00, 871.81, STABLE
17, 309.0, 200.0, 309.0,100, 459.00, 50.00, STABLE
18, 259.0, 200.0, 259.0,100, 459.00, 0.00, STABLE
19, 1462.9, 200.0, 99999.0,100, 489.00, 1173.93, STABLE
20, 289.0, 200.0, 289.0,100, 223.00, 266.00, STABLE
21, 23.0, 200.0, 23.0,100, 223.00, 0.00, STABLE
22, 1270.9, 200.0, 99999.0,100, 223.00, 1247.85, STABLE
23, 23.0, 200.0, 23.0,100, 223.00, 0.00, STABLE
0, 1258.4, 200.0, 99999.0,100, 193.00, 1265.37, STABLE
1, 0.0, 200.0, 0.0,100, 193.00, 7.00, STABLE
2, 0.0, 200.0, 0.0,100, 193.00, 7.00, STABLE
3, 0.0, 200.0, 0.0,100, 193.00, 7.00, STABLE
4, 0.0, 200.0, 0.0,100, 193.00, 7.00, STABLE
5, 0.0, 200.0, 0.0,100, 193.00, 7.00, STABLE
6, 0.0, 200.0, 0.0,100, 193.00, 7.00, STABLE
7, 0.0, 200.0, 0.0,48, 459.00, 0.00, CRITICAL
8, 1388.4, 200.0, 99999.9,100, 489.00, 1099.39, STABLE
9, 548.0, 200.0, 548.0,100, 489.00, 259.00, STABLE
10, 289.0, 200.0, 289.0,100, 489.00, 0.00, STABLE
11, 1093.3, 200.0, 99999.0,100, 459.00, 834.28, STABLE
12, 259.0, 200.0, 259.0,100, 459.00, 0.00, STABLE
13, 1524.9, 200.0, 99999.0,100, 559.00, 1165.90, STABLE
14, 359.0, 200.0, 359.0,100, 459.00, 100.00, STABLE
15, 259.0, 200.0, 259.0,100, 459.00, 0.00, STABLE
16, 1468.7, 200.0, 99999.0,100, 459.00, 1209.69, STABLE
17, 259.0, 200.0, 259.0,100, 459.00, 0.00, STABLE
18, 848.3, 200.0, 99999.0,100, 459.00, 589.32, STABLE
19, 259.0, 200.0, 259.0,84, 539.00, 0.00, CRITICAL
20, 1434.6, 200.0, 99999.9,100, 223.00, 1411.56, STABLE
21, 103.0, 200.0, 103.0,100, 223.00, 80.00, STABLE
22, 23.0, 200.0, 23.0,100, 223.00, 0.00, STABLE
23, 257.3, 200.0, 99999.0,100, 223.00, 234.31, STABLE
0, 23.0, 200.0, 23.0,100, 193.00, 30.00, STABLE
1, 0.0, 200.0, 0.0,100, 193.00, 7.00, STABLE
2, 0.0, 200.0, 0.0,100, 193.00, 7.00, STABLE
3, 0.0, 200.0, 0.0,100, 193.00, 7.00, STABLE
4, 0.0, 200.0, 0.0,100, 193.00, 7.00, STABLE
5, 0.0, 200.0, 0.0,100, 193.00, 7.00, STABLE
6, 0.0, 200.0, 0.0,100, 193.00, 7.00, STABLE
7, 0.0, 200.0, 0.0,38, 509.00, 0.00, CRITICAL
8, 829.9, 200.0, 99999.9,100, 489.00, 540.86, STABLE
9, 598.0, 200.0, 598.0,100, 489.00, 309.00, STABLE
10, 289.0, 200.0, 289.0,100, 489.00, 0.00, STABLE
11, 883.6, 200.0, 99999.0,100, 459.00, 624.59, STABLE
12, 259.0, 200.0, 259.0,100, 459.00, 0.00, STABLE
13, 960.2, 200.0, 99999.0,100, 459.00, 701.19, STABLE
14, 259.0, 200.0, 259.0,90, 509.00, 0.00, CRITICAL
15, 616.3, 200.0, 99999.9,100, 459.00, 357.30, STABLE
16, 309.0, 200.0, 309.0,100, 459.00, 50.00, STABLE
17, 259.0, 200.0, 259.0,100, 459.00, 0.00, STABLE
18, 723.7, 200.0, 99999.0,100, 459.00, 464.74, STABLE
19, 259.0, 200.0, 259.0,94, 489.00, 0.00, CRITICAL
20, 1208.0, 200.0, 99999.9,100, 223.00, 1185.05, STABLE
21, 53.0, 200.0, 53.0,100, 223.00, 30.00, STABLE
22, 23.0, 200.0, 23.0,100, 223.00, 0.00, STABLE
23, 772.8, 200.0, 99999.0,100, 223.00, 749.83, STABLE
0, 23.0, 200.0, 23.0,100, 193.00, 30.00, STABLE
1, 0.0, 200.0, 0.0,100, 193.00, 7.00, STABLE
2, 0.0, 200.0, 0.0,100, 193.00, 7.00, STABLE
3, 0.0, 200.0, 0.0,100, 193.00, 7.00, STABLE
4, 0.0, 200.0, 0.0,100, 193.00, 7.00, STABLE
5, 0.0, 200.0, 0.0,100, 193.00, 7.00, STABLE
6, 0.0, 200.0, 0.0,100, 193.00, 7.00, STABLE
7, 0.0, 200.0, 0.0,48, 459.00, 0.00, CRITICAL
8, 1436.9, 200.0, 99999.9,100, 489.00, 1147.86, STABLE
9, 548.0, 200.0, 548.0,100, 539.00, 209.00, STABLE
10, 339.0, 200.0, 339.0,100, 489.00, 50.00, STABLE
11, 289.0, 200.0, 289.0,100, 459.00, 30.00, STABLE
12, 259.0, 200.0, 259.0,90, 509.00, 0.00, CRITICAL
13, 1415.3, 200.0, 99999.9,100, 459.00, 1156.28, STABLE
14, 309.0, 200.0, 309.0,100, 459.00, 50.00, STABLE
15, 259.0, 200.0, 259.0,90, 509.00, 0.00, CRITICAL
16, 1754.7, 200.0, 99999.9,100, 459.00, 1495.65, STABLE
17, 309.0, 200.0, 309.0,90, 559.00, 0.00, CRITICAL
18, 1282.1, 200.0, 99999.9,100, 459.00, 1023.12, STABLE
19, 309.0, 200.0, 309.0,100, 489.00, 20.00, STABLE
20, 289.0, 200.0, 289.0,100, 223.00, 266.00, STABLE
21, 23.0, 200.0, 23.0,100, 223.00, 0.00, STABLE
22, 2358.3, 200.0, 99999.0,100, 223.00, 2335.30, STABLE
23, 23.0, 200.0, 23.0,100, 223.00, 0.00, STABLE
0, 1911.7, 200.0, 99999.0,100, 193.00, 1918.75, STABLE
1, 0.0, 200.0, 0.0,100, 193.00, 7.00, STABLE
2, 0.0, 200.0, 0.0,100, 193.00, 7.00, STABLE
3, 0.0, 200.0, 0.0,100, 193.00, 7.00, STABLE
4, 0.0, 200.0, 0.0,100, 193.00, 7.00, STABLE
5, 0.0, 200.0, 0.0,100, 193.00, 7.00, STABLE
6, 0.0, 200.0, 0.0,100, 193.00, 7.00, STABLE
7, 0.0, 200.0, 0.0,48, 459.00, 0.00, CRITICAL
8, 1300.9, 200.0, 99999.9,100, 489.00, 1011.93, STABLE
9, 548.0, 200.0, 548.0,100, 489.00, 259.00, STABLE
10, 289.0, 200.0, 289.0,100, 489.00, 0.00, STABLE
11, 1706.0, 200.0, 99999.0,100, 509.00, 1396.99, STABLE
12, 309.0, 200.0, 309.0,100, 459.00, 50.00, STABLE
13, 259.0, 200.0, 259.0,100, 459.00, 0.00, STABLE
14, 1539.1, 200.0, 99999.0,100, 509.00, 1230.12, STABLE
15, 309.0, 200.0, 309.0,100, 509.00, 0.00, STABLE
16, 1871.9, 200.0, 99999.0,100, 459.00, 1612.94, STABLE
17, 259.0, 200.0, 259.0,90, 509.00, 0.00, CRITICAL
18, 2432.5, 200.0, 99999.9,100, 459.00, 2173.46, STABLE
19, 309.0, 200.0, 309.0,100, 489.00, 20.00, STABLE
20, 289.0, 200.0, 289.0,100, 223.00, 266.00, STABLE
21, 23.0, 200.0, 23.0,100, 223.00, 0.00, STABLE
22, 2134.5, 200.0, 99999.0,100, 223.00, 2111.48, STABLE
23, 23.0, 200.0, 23.0,100, 223.00, 0.00, STABLE
0, 1813.1, 200.0, 99999.0,100, 193.00, 1820.15, STABLE
1, 0.0, 200.0, 0.0,100, 193.00, 7.00, STABLE
2, 0.0, 200.0, 0.0,100, 193.00, 7.00, STABLE
3, 0.0, 200.0, 0.0,100, 193.00, 7.00, STABLE
4, 0.0, 200.0, 0.0,100, 193.00, 7.00, STABLE
5, 0.0, 200.0, 0.0,100, 193.00, 7.00, STABLE
6, 0.0, 200.0, 0.0,100, 193.00, 7.00, STABLE
7, 0.0, 200.0, 0.0,48, 459.00, 0.00, CRITICAL
8, 1593.3, 200.0, 99999.9,100, 489.00, 1304.33, STABLE
9, 548.0, 200.0, 548.0,100, 489.00, 259.00, STABLE
10, 289.0, 200.0, 289.0,100, 489.00, 0.00, STABLE
11, 2513.0, 200.0, 99999.0,100, 459.00, 2254.02, STABLE
12, 259.0, 200.0, 259.0,100, 459.00, 0.00, STABLE
13, 2009.7, 200.0, 99999.0,100, 459.00, 1750.67, STABLE
14, 259.0, 200.0, 259.0,100, 459.00, 0.00, STABLE
15, 2235.7, 200.0, 99999.0,100, 459.00, 1976.72, STABLE
16, 259.0, 200.0, 259.0,100, 459.00, 0.00, STABLE
17, 2177.5, 200.0, 99999.0,100, 459.00, 1918.50, STABLE
18, 259.0, 200.0, 259.0,100, 459.00, 0.00, STABLE
19, 2028.3, 200.0, 99999.0,100, 489.00, 1739.34, STABLE
20, 289.0, 200.0, 289.0,100, 223.00, 266.00, STABLE
21, 23.0, 200.0, 23.0,100, 223.00, 0.00, STABLE
22, 2259.2, 200.0, 99999.0,100, 223.00, 2236.24, STABLE
23, 23.0, 200.0, 23.0,100, 223.00, 0.00, STABLE
0, 2179.2, 200.0, 99999.0,100, 193.00, 2186.20, STABLE
1, 0.0, 200.0, 0.0,100, 193.00, 7.00, STABLE
2, 0.0, 200.0, 0.0,100, 193.00, 7.00, STABLE
3, 0.0, 200.0, 0.0,100, 193.00, 7.00, STABLE
4, 0.0, 200.0, 0.0,100, 193.00, 7.00, STABLE
5, 0.0, 200.0, 0.0,100, 193.00, 7.00, STABLE
6, 0.0, 200.0, 0.0,100, 193.00, 7.00, STABLE
7, 0.0, 200.0, 0.0,48, 459.00, 0.00, CRITICAL
8, 1477.9, 200.0, 99999.9,100, 489.00, 1188.95, STABLE
9, 548.0, 200.0, 548.0,100, 489.00, 259.00, STABLE
10, 289.0, 200.0, 289.0,100, 489.00, 0.00, STABLE
11, 1417.1, 200.0, 99999.0,100, 459.00, 1158.11, STABLE
12, 259.0, 200.0, 259.0,100, 459.00, 0.00, STABLE
13, 963.0, 200.0, 99999.0,100, 459.00, 703.97, STABLE
14, 259.0, 200.0, 259.0,100, 459.00, 0.00, STABLE
15, 1044.3, 200.0, 99999.0,100, 459.00, 785.25, STABLE
16, 259.0, 200.0, 259.0,90, 509.00, 0.00, CRITICAL
17, 1347.3, 200.0, 99999.9,100, 459.00, 1088.35, STABLE
18, 309.0, 200.0, 309.0,100, 509.00, 0.00, STABLE
19, 1364.4, 200.0, 99999.0,100, 489.00, 1075.38, STABLE
20, 289.0, 200.0, 289.0,100, 223.00, 266.00, STABLE
21, 23.0, 200.0, 23.0,100, 223.00, 0.00, STABLE
22, 1583.6, 200.0, 99999.0,100, 223.00, 1560.57, STABLE
23, 23.0, 200.0, 23.0,100, 223.00, 0.00, STABLE
0, 1464.3, 200.0, 99999.0,100, 193.00, 1471.29, STABLE
1, 0.0, 200.0, 0.0,100, 193.00, 7.00, STABLE
2, 0.0, 200.0, 0.0,100, 193.00, 7.00, STABLE
3, 0.0, 200.0, 0.0,100, 193.00, 7.00, STABLE
4, 0.0, 200.0, 0.0,100, 193.00, 7.00, STABLE
5, 0.0, 200.0, 0.0,100, 193.00, 7.00, STABLE
6, 0.0, 200.0, 0.0,100, 193.00, 7.00, STABLE
7, 0.0, 200.0, 0.0,48, 459.00, 0.00, CRITICAL
8, 1113.9, 200.0, 99999.9,100, 489.00, 824.87, STABLE
9, 548.0, 200.0, 548.0,100, 489.00, 259.00, STABLE
10, 289.0, 200.0, 289.0,90, 539.00, 0.00, CRITICAL
11, 1136.4, 200.0, 99999.9,100, 459.00, 877.39, STABLE
12, 309.0, 200.0, 309.0,100, 459.00, 50.00, STABLE
13, 259.0, 200.0, 259.0,100, 459.00, 0.00, STABLE
14, 664.2, 200.0, 99999.0,100, 459.00, 405.20, STABLE
15, 259.0, 200.0, 259.0,100, 459.00, 0.00, STABLE
16, 820.1, 200.0, 99999.0,100, 459.00, 561.15, STABLE
17, 259.0, 200.0, 259.0,90, 509.00, 0.00, CRITICAL
18, 2197.9, 200.0, 99999.9,100, 459.00, 1938.87, STABLE
19, 309.0, 200.0, 309.0,100, 489.00, 20.00, STABLE
20, 289.0, 200.0, 289.0,100, 223.00, 266.00, STABLE
21, 23.0, 200.0, 23.0,100, 223.00, 0.00, STABLE
22, 1761.7, 200.0, 99999.0,100, 223.00, 1738.73, STABLE
23, 23.0, 200.0, 23.0,100, 223.00, 0.00, STABLE
0, 1560.5, 200.0, 99999.0,100, 193.00, 1567.47, STABLE
1, 0.0, 200.0, 0.0,100, 193.00, 7.00, STABLE
2, 0.0, 200.0, 0.0,100, 193.00, 7.00, STABLE
3, 0.0, 200.0, 0.0,100, 193.00, 7.00, STABLE
4, 0.0, 200.0, 0.0,100, 193.00, 7.00, STABLE
5, 0.0, 200.0, 0.0,100, 193.00, 7.00, STABLE
6, 0.0, 200.0, 0.0,100, 193.00, 7.00, STABLE
7, 0.0, 200.0, 0.0,38, 509.00, 0.00, CRITICAL
8, 1528.8, 200.0, 99999.9,100, 489.00, 1239.84, STABLE
9, 598.0, 200.0, 598.0,100, 489.00, 309.00, STABLE
10, 289.0, 200.0, 289.0,100, 489.00, 0.00, STABLE
11, 1534.0, 200.0, 99999.0,100, 459.00, 1274.98, STABLE
12, 259.0, 200.0, 259.0,100, 459.00, 0.00, STABLE
13, 1850.6, 200.0, 99999.0,100, 459.00, 1591.56, STABLE
14, 259.0, 200.0, 259.0,90, 509.00, 0.00, CRITICAL
15, 1864.1, 200.0, 99999.9,100, 459.00, 1605.07, STABLE
16, 309.0, 200.0, 309.0,100, 459.00, 50.00, STABLE
17, 259.0, 200.0, 259.0,100, 459.00, 0.00, STABLE
18, 1909.4, 200.0, 99999.0,100, 459.00, 1650.42, STABLE
19, 259.0, 200.0, 259.0,94, 489.00, 0.00, CRITICAL
20, 1389.7, 200.0, 99999.9,100, 223.00, 1366.66, STABLE
21, 53.0, 200.0, 53.0,100, 223.00, 30.00, STABLE
22, 23.0, 200.0, 23.0,100, 223.00, 0.00, STABLE
23, 1391.2, 200.0, 99999.0,100, 223.00, 1368.21, STABLE
0, 23.0, 200.0, 23.0,100, 193.00, 30.00, STABLE
1, 0.0, 200.0, 0.0,100, 193.00, 7.00, STABLE
2, 0.0, 200.0, 0.0,100, 193.00, 7.00, STABLE
3, 0.0, 200.0, 0.0,100, 193.00, 7.00, STABLE
4, 0.0, 200.0, 0.0,100, 193.00, 7.00, STABLE
5, 0.0, 200.0, 0.0,100, 193.00, 7.00, STABLE
6, 0.0, 200.0, 0.0,100, 193.00, 7.00, STABLE
7, 0.0, 200.0, 0.0,48, 459.00, 0.00, CRITICAL
8, 1622.2, 200.0, 99999.9,100, 489.00, 1333.22, STABLE
9, 548.0, 200.0, 548.0,100, 489.00, 259.00, STABLE
10, 289.0, 200.0, 289.0,100, 489.00, 0.00, STABLE
11, 2063.0, 200.0, 99999.0,100, 459.00, 1804.05, STABLE
12, 259.0, 200.0, 259.0,100, 459.00, 0.00, STABLE
13, 2044.4, 200.0, 99999.0,100, 459.00, 1785.39, STABLE
14, 259.0, 200.0, 259.0,100, 459.00, 0.00, CRITICAL
15, 948.8, 200.0, 99999.9,100, 459.00, 689.80, STABLE
16, 259.0, 200.0, 259.0,100, 459.00, 0.00, STABLE
17, 259.0, 200.0, 259.0,100, 459.00, 0.00, STABLE
18, 800.5, 200.0, 99999.0,100, 459.00, 541.54, STABLE
19, 259.0, 200.0, 259.0,94, 489.00, 0.00, CRITICAL
20, 1628.7, 200.0, 99999.9,100, 223.00, 1605.70, STABLE
21, 53.0, 200.0, 53.0,100, 223.00, 30.00, STABLE
22, 23.0, 200.0, 23.0,100, 223.00, 0.00, STABLE
23, 1970.6, 200.0, 99999.0,100, 223.00, 1947.64, STABLE
0, 23.0, 200.0, 23.0,100, 193.00, 30.00, STABLE
1, 0.0, 200.0, 0.0,100, 193.00, 7.00, STABLE
2, 0.0, 200.0, 0.0,100, 193.00, 7.00, STABLE
3, 0.0, 200.0, 0.0,100, 193.00, 7.00, STABLE
4, 0.0, 200.0, 0.0,100, 193.00, 7.00, STABLE
5, 0.0, 200.0, 0.0,100, 193.00, 7.00, STABLE
6, 0.0, 200.0, 0.0,100, 193.00, 7.00, STABLE
7, 0.0, 200.0, 0.0,48, 459.00, 0.00, CRITICAL
8, 1563.3, 200.0, 99999.9,100, 489.00, 1274.30, STABLE
9, 548.0, 200.0, 548.0,100, 539.00, 209.00, STABLE
10, 339.0, 200.0, 339.0,100, 489.00, 50.00, STABLE
11, 289.0, 200.0, 289.0,100, 459.00, 30.00, STABLE
12, 259.0, 200.0, 259.0,100, 459.00, 0.00, STABLE
13, 1269.6, 200.0, 99999.0,100, 459.00, 1010.61, STABLE
14, 259.0, 200.0, 259.0,100, 459.00, 0.00, STABLE
15, 1624.2, 200.0, 99999.0,100, 459.00, 1365.22, STABLE
16, 259.0, 200.0, 259.0,100, 459.00, 0.00, STABLE
17, 1285.6, 200.0, 99999.0,100, 459.00, 1026.57, STABLE
18, 259.0, 200.0, 259.0,100, 459.00, 0.00, STABLE
19, 1237.7, 200.0, 99999.0,100, 489.00, 948.73, STABLE
20, 289.0, 200.0, 289.0,100, 223.00, 266.00, STABLE
21, 23.0, 200.0, 23.0,100, 223.00, 0.00, STABLE
22, 900.5, 200.0, 99999.0,100, 223.00, 877.54, STABLE
23, 23.0, 200.0, 23.0,100, 223.00, 0.00, STABLE
0, 765.9, 200.0, 99999.0,100, 193.00, 772.86, STABLE
1, 0.0, 200.0, 0.0,100, 193.00, 7.00, STABLE
2, 0.0, 200.0, 0.0,100, 193.00, 7.00, STABLE
3, 0.0, 200.0, 0.0,100, 193.00, 7.00, STABLE
4, 0.0, 200.0, 0.0,100, 193.00, 7.00, STABLE
5, 0.0, 200.0, 0.0,100, 193.00, 7.00, STABLE
6, 0.0, 200.0, 0.0,100, 193.00, 7.00, STABLE
7, 0.0, 200.0, 0.0,48, 459.00, 0.00, CRITICAL
8, 472.0, 200.0, 99999.9,85, 489.00, 183.01, STABLE
9, 768.3, 200.0, 99999.0,100, 489.00, 479.31, STABLE
10, 365.0, 200.0, 365.0,100, 489.00, 75.99, STABLE
11, 289.0, 200.0, 289.0,96, 509.00, 0.00, CRITICAL
12, 861.0, 200.0, 99999.9,100, 459.00, 601.98, STABLE
13, 279.0, 200.0, 279.0,100, 459.00, 20.00, STABLE
14, 259.0, 200.0, 259.0,100, 459.00, 0.00, STABLE
15, 1801.2, 200.0, 99999.0,100, 459.00, 1542.17, STABLE
16, 259.0, 200.0, 259.0,100, 459.00, 0.00, STABLE
17, 1024.2, 200.0, 99999.0,100, 459.00, 765.23, STABLE
18, 259.0, 200.0, 259.0,90, 509.00, 0.00, CRITICAL
19, 1415.2, 200.0, 99999.9,100, 489.00, 1126.19, STABLE
20, 339.0, 200.0, 339.0,100, 223.00, 316.00, STABLE
21, 23.0, 200.0, 23.0,100, 223.00, 0.00, STABLE
22, 1501.3, 200.0, 99999.0,100, 223.00, 1478.28, STABLE
23, 23.0, 200.0, 23.0,100, 223.00, 0.00, STABLE
0, 1632.2, 200.0, 99999.0,100, 193.00, 1639.22, STABLE
1, 0.0, 200.0, 0.0,100, 193.00, 7.00, STABLE
2, 0.0, 200.0, 0.0,100, 193.00, 7.00, STABLE
3, 0.0, 200.0, 0.0,100, 193.00, 7.00, STABLE
4, 0.0, 200.0, 0.0,100, 193.00, 7.00, STABLE
5, 0.0, 200.0, 0.0,100, 193.00, 7.00, STABLE
6, 0.0, 200.0, 0.0,100, 193.00, 7.00, STABLE
7, 0.0, 200.0, 0.0,48, 459.00, 0.00, CRITICAL
8, 697.5, 200.0, 99999.9,100, 489.00, 408.47, STABLE
9, 548.0, 200.0, 548.0,100, 489.00, 259.00, STABLE
10, 289.0, 200.0, 289.0,100, 489.00, 0.00, STABLE
11, 1255.1, 200.0, 99999.0,100, 459.00, 996.11, STABLE
12, 259.0, 200.0, 259.0,100, 459.00, 0.00, STABLE
13, 820.0, 200.0, 99999.0,100, 459.00, 561.04, STABLE
